<?xml version="1.0"?>
<!--
/**
 * Magento
 *
 * NOTICE OF LICENSE
 *
 * This source file is subject to the Academic Free License (AFL 3.0)
 * that is bundled with this package in the file LICENSE_AFL.txt.
 * It is also available through the world-wide-web at this URL:
 * http://opensource.org/licenses/afl-3.0.php
 * If you did not receive a copy of the license and are unable to
 * obtain it through the world-wide-web, please send an email
 * to license@magentocommerce.com so we can send you a copy immediately.
 *
 * DISCLAIMER
 *
 * Do not edit or add to this file if you wish to upgrade Magento to newer
 * versions in the future. If you wish to customize Magento for your
 * needs please refer to http://www.magentocommerce.com for more information.
 *
 * @category    Mage
 * @package     Mage_Customer
 * @copyright   Copyright (c) 2014 Magento Inc. (http://www.magentocommerce.com)
 * @license     http://opensource.org/licenses/afl-3.0.php  Academic Free License (AFL 3.0)
 */
-->
<config>
    <tabs>
        <customer translate="label" module="customer">
            <label>Customers</label>
            <sort_order>300</sort_order>
        </customer>
    </tabs>
    <sections>
        <customer translate="label" module="customer">
            <class>separator-top</class>
            <label>Customer Configuration</label>
            <tab>customer</tab>
            <sort_order>130</sort_order>
            <show_in_default>1</show_in_default>
            <show_in_website>1</show_in_website>
            <show_in_store>1</show_in_store>
            <groups>
                <account_share translate="label">
                    <label>Account Sharing Options</label>
                    <frontend_type>text</frontend_type>
                    <sort_order>10</sort_order>
                    <show_in_default>1</show_in_default>
                    <show_in_website>0</show_in_website>
                    <show_in_store>0</show_in_store>
                    <fields>
                        <scope translate="label">
                            <label>Share Customer Accounts</label>
                            <frontend_type>select</frontend_type>
                            <backend_model>customer/config_share</backend_model>
                            <source_model>customer/config_share</source_model>
                            <sort_order>1</sort_order>
                            <show_in_default>1</show_in_default>
                            <show_in_website>0</show_in_website>
                            <show_in_store>0</show_in_store>
                        </scope>
                    </fields>
                </account_share>
                <online_customers translate="label">
                    <label>Online Customers Options</label>
                    <frontend_type>text</frontend_type>
                    <sort_order>10</sort_order>
                    <show_in_default>1</show_in_default>
                    <show_in_website>0</show_in_website>
                    <show_in_store>0</show_in_store>
                    <fields>
                        <online_minutes_interval translate="label comment">
                            <label>Online Minutes Interval</label>
                            <frontend_type>text</frontend_type>
                            <sort_order>1</sort_order>
                            <show_in_default>1</show_in_default>
                            <show_in_website>0</show_in_website>
                            <show_in_store>0</show_in_store>
                            <comment>Leave empty for default (15 minutes).</comment>
                        </online_minutes_interval>
                    </fields>
                </online_customers>
                <create_account translate="label">
                    <label>Create New Account Options</label>
                    <sort_order>20</sort_order>
                    <show_in_default>1</show_in_default>
                    <show_in_website>1</show_in_website>
                    <show_in_store>1</show_in_store>
                    <fields>
                        <auto_group_assign translate="label comment">
                            <label>Enable Automatic Assignment to Customer Group</label>
                            <comment>To show VAT number on frontend, set Show VAT Number on Frontend option to Yes.</comment>
                            <frontend_type>select</frontend_type>
                            <source_model>adminhtml/system_config_source_yesno</source_model>
                            <sort_order>10</sort_order>
                            <show_in_default>1</show_in_default>
                            <show_in_website>1</show_in_website>
                            <show_in_store>1</show_in_store>
                        </auto_group_assign>
                        <tax_calculation_address_type translate="label">
                            <label>Tax Calculation Based On</label>
                            <frontend_type>select</frontend_type>
                            <source_model>adminhtml/system_config_source_customer_address_type</source_model>
                            <sort_order>10</sort_order>
                            <depends><auto_group_assign>1</auto_group_assign></depends>
                            <show_in_default>1</show_in_default>
                            <show_in_website>1</show_in_website>
                            <show_in_store>1</show_in_store>
                        </tax_calculation_address_type>
                        <default_group translate="label">
                            <label>Default Group</label>
                            <frontend_type>select</frontend_type>
                            <source_model>adminhtml/system_config_source_customer_group</source_model>
                            <sort_order>20</sort_order>
                            <show_in_default>1</show_in_default>
                            <show_in_website>1</show_in_website>
                            <show_in_store>1</show_in_store>
                        </default_group>
                        <viv_domestic_group translate="label">
                            <label>Group for Valid VAT ID - Domestic</label>
                            <frontend_type>select</frontend_type>
                            <source_model>adminhtml/system_config_source_customer_group</source_model>
                            <sort_order>30</sort_order>
                            <show_in_default>1</show_in_default>
                            <show_in_website>1</show_in_website>
                            <show_in_store>1</show_in_store>
                            <depends><auto_group_assign>1</auto_group_assign></depends>
                        </viv_domestic_group>
                        <viv_intra_union_group translate="label">
                            <label>Group for Valid VAT ID - Intra-Union</label>
                            <frontend_type>select</frontend_type>
                            <source_model>adminhtml/system_config_source_customer_group</source_model>
                            <sort_order>40</sort_order>
                            <show_in_default>1</show_in_default>
                            <show_in_website>1</show_in_website>
                            <show_in_store>1</show_in_store>
                            <depends><auto_group_assign>1</auto_group_assign></depends>
                        </viv_intra_union_group>
                        <viv_invalid_group translate="label">
                            <label>Group for Invalid VAT ID</label>
                            <frontend_type>select</frontend_type>
                            <source_model>adminhtml/system_config_source_customer_group</source_model>
                            <sort_order>50</sort_order>
                            <show_in_default>1</show_in_default>
                            <show_in_website>1</show_in_website>
                            <show_in_store>1</show_in_store>
                            <depends><auto_group_assign>1</auto_group_assign></depends>
                        </viv_invalid_group>
                        <viv_error_group translate="label">
                            <label>Validation Error Group</label>
                            <frontend_type>select</frontend_type>
                            <source_model>adminhtml/system_config_source_customer_group</source_model>
                            <sort_order>55</sort_order>
                            <show_in_default>1</show_in_default>
                            <show_in_website>1</show_in_website>
                            <show_in_store>1</show_in_store>
                            <depends><auto_group_assign>1</auto_group_assign></depends>
                        </viv_error_group>
                        <viv_on_each_transaction translate="label">
                            <label>Validate on Each Transaction</label>
                            <frontend_type>select</frontend_type>
                            <source_model>adminhtml/system_config_source_yesno</source_model>
                            <sort_order>56</sort_order>
                            <show_in_default>1</show_in_default>
                            <show_in_website>1</show_in_website>
                            <show_in_store>1</show_in_store>
                            <depends><auto_group_assign>1</auto_group_assign></depends>
                        </viv_on_each_transaction>
                        <viv_disable_auto_group_assign_default translate="label">
                            <label>Default Value for Disable Automatic Group Changes Based on VAT ID</label>
                            <frontend_type>select</frontend_type>
                            <source_model>adminhtml/system_config_source_yesno</source_model>
                            <sort_order>57</sort_order>
                            <show_in_default>1</show_in_default>
                            <show_in_website>0</show_in_website>
                            <show_in_store>0</show_in_store>
                        </viv_disable_auto_group_assign_default>
                        <vat_frontend_visibility translate="label">
                            <label>Show VAT Number on Frontend</label>
                            <frontend_type>select</frontend_type>
                            <source_model>adminhtml/system_config_source_yesno</source_model>
                            <sort_order>58</sort_order>
                            <show_in_default>1</show_in_default>
                            <show_in_website>1</show_in_website>
                            <show_in_store>0</show_in_store>
                        </vat_frontend_visibility>
                        <email_domain translate="label">
                            <label>Default Email Domain</label>
                            <frontend_type>text</frontend_type>
                            <sort_order>60</sort_order>
                            <show_in_default>1</show_in_default>
                            <show_in_website>1</show_in_website>
                            <show_in_store>1</show_in_store>
                        </email_domain>
                        <email_template translate="label">
                            <label>Default Welcome Email</label>
                            <frontend_type>select</frontend_type>
                            <source_model>adminhtml/system_config_source_email_template</source_model>
                            <sort_order>70</sort_order>
                            <show_in_default>1</show_in_default>
                            <show_in_website>1</show_in_website>
                            <show_in_store>1</show_in_store>
                        </email_template>
                        <email_identity translate="label">
                            <label>Email Sender</label>
                            <frontend_type>select</frontend_type>
                            <source_model>adminhtml/system_config_source_email_identity</source_model>
                            <sort_order>80</sort_order>
                            <show_in_default>1</show_in_default>
                            <show_in_website>1</show_in_website>
                            <show_in_store>1</show_in_store>
                        </email_identity>
                        <confirm translate="label">
                            <label>Require Emails Confirmation</label>
                            <frontend_type>select</frontend_type>
                            <source_model>adminhtml/system_config_source_yesno</source_model>
                            <sort_order>90</sort_order>
                            <show_in_default>1</show_in_default>
                            <show_in_website>1</show_in_website>
                            <show_in_store>0</show_in_store>
                        </confirm>
                        <email_confirmation_template translate="label">
                            <label>Confirmation Link Email</label>
                            <frontend_type>select</frontend_type>
                            <source_model>adminhtml/system_config_source_email_template</source_model>
                            <sort_order>100</sort_order>
                            <show_in_default>1</show_in_default>
                            <show_in_website>1</show_in_website>
                            <show_in_store>1</show_in_store>
                        </email_confirmation_template>
                        <email_confirmed_template translate="label comment">
                            <label>Welcome Email</label>
                            <comment>This email will be sent instead of default welcome email, after account confirmation.</comment>
                            <frontend_type>select</frontend_type>
                            <source_model>adminhtml/system_config_source_email_template</source_model>
                            <sort_order>110</sort_order>
                            <show_in_default>1</show_in_default>
                            <show_in_website>1</show_in_website>
                            <show_in_store>1</show_in_store>
                        </email_confirmed_template>
                        <generate_human_friendly_id translate="label">
                            <label>Generate Human-Friendly Customer ID</label>
                            <frontend_type>select</frontend_type>
                            <source_model>adminhtml/system_config_source_yesno</source_model>
                            <sort_order>120</sort_order>
                            <show_in_default>1</show_in_default>
                            <show_in_website>0</show_in_website>
                            <show_in_store>0</show_in_store>
                        </generate_human_friendly_id>
                    </fields>
                </create_account>
                <password translate="label">
                    <label>Password Options</label>
                    <frontend_type>text</frontend_type>
                    <sort_order>30</sort_order>
                    <show_in_default>1</show_in_default>
                    <show_in_website>1</show_in_website>
                    <show_in_store>1</show_in_store>
                    <fields>
                        <forgot_email_template translate="label">
                            <label>Forgot Email Template</label>
                            <frontend_type>select</frontend_type>
                            <source_model>adminhtml/system_config_source_email_template</source_model>
                            <sort_order>10</sort_order>
                            <show_in_default>1</show_in_default>
                            <show_in_website>1</show_in_website>
                            <show_in_store>1</show_in_store>
                        </forgot_email_template>
                        <remind_email_template translate="label">
                            <label>Remind Email Template</label>
                            <frontend_type>select</frontend_type>
                            <source_model>adminhtml/system_config_source_email_template</source_model>
                            <sort_order>20</sort_order>
                            <show_in_default>1</show_in_default>
                            <show_in_website>1</show_in_website>
                            <show_in_store>1</show_in_store>
                        </remind_email_template>
                        <forgot_email_identity translate="label">
                            <label>Forgot and Remind Email Sender</label>
                            <frontend_type>select</frontend_type>
                            <source_model>adminhtml/system_config_source_email_identity</source_model>
                            <sort_order>30</sort_order>
                            <show_in_default>1</show_in_default>
                            <show_in_website>1</show_in_website>
                            <show_in_store>1</show_in_store>
                        </forgot_email_identity>
                        <reset_link_expiration_period translate="label comment">
                            <label>Recovery Link Expiration Period (days)</label>
                            <comment>Please enter a number 1 or greater in this field.</comment>
                            <frontend_type>text</frontend_type>
                            <validate>required-entry validate-digits validate-digits-range digits-range-1-</validate>
                            <backend_model>adminhtml/system_config_backend_customer_password_link_expirationperiod</backend_model>
                            <sort_order>40</sort_order>
                            <show_in_default>1</show_in_default>
                            <show_in_website>0</show_in_website>
                            <show_in_store>0</show_in_store>
                        </reset_link_expiration_period>
                    </fields>
                </password>
                <address translate="label">
                    <label>Name and Address Options</label>
                    <sort_order>40</sort_order>
                    <show_in_default>1</show_in_default>
                    <show_in_website>1</show_in_website>
                    <show_in_store>1</show_in_store>
                    <fields>
                        <street_lines translate="label comment">
                            <label>Number of Lines in a Street Address </label>
                            <sort_order>10</sort_order>
                            <show_in_default>1</show_in_default>
                            <show_in_website>1</show_in_website>
                            <show_in_store>0</show_in_store>
                            <backend_model>adminhtml/system_config_backend_customer_address_street</backend_model>
                            <comment>Leave empty for default (2). Valid range: 1-4</comment>
                        </street_lines>
                        <prefix_show translate="label comment">
                            <label>Show Prefix</label>
                            <frontend_type>select</frontend_type>
                            <source_model>adminhtml/system_config_source_nooptreq</source_model>
                            <sort_order>20</sort_order>
                            <backend_model>adminhtml/system_config_backend_customer_show_address</backend_model>
                            <comment>The title that goes before name (Mr., Mrs., etc.)</comment>
                            <show_in_default>1</show_in_default>
                            <show_in_website>1</show_in_website>
                            <show_in_store>0</show_in_store>
                        </prefix_show>
                        <prefix_options translate="label comment">
                            <label>Prefix Dropdown Options</label>
                            <sort_order>30</sort_order>
                            <comment><![CDATA[Semicolon (;) separated values.<br/>Put semicolon in the beginning for empty first option.<br/>Leave empty for open text field.]]></comment>
                            <show_in_default>1</show_in_default>
                            <show_in_website>1</show_in_website>
                            <show_in_store>0</show_in_store>
                        </prefix_options>
                        <middlename_show translate="label comment">
                            <label>Show Middle Name (initial)</label>
                            <frontend_type>select</frontend_type>
                            <source_model>adminhtml/system_config_source_yesno</source_model>
                            <comment>Always optional.</comment>
                            <backend_model>adminhtml/system_config_backend_customer_show_address</backend_model>
                            <sort_order>40</sort_order>
                            <show_in_default>1</show_in_default>
                            <show_in_website>1</show_in_website>
                            <show_in_store>0</show_in_store>
                        </middlename_show>
                        <suffix_show translate="label comment">
                            <label>Show Suffix</label>
                            <frontend_type>select</frontend_type>
                            <source_model>adminhtml/system_config_source_nooptreq</source_model>
                            <comment>The suffix that goes after name (Jr., Sr., etc.)</comment>
                            <backend_model>adminhtml/system_config_backend_customer_show_address</backend_model>
                            <sort_order>50</sort_order>
                            <show_in_default>1</show_in_default>
                            <show_in_website>1</show_in_website>
                            <show_in_store>0</show_in_store>
                        </suffix_show>
                        <suffix_options translate="label comment">
                            <label>Suffix Dropdown Options</label>
                            <sort_order>60</sort_order>
                            <comment><![CDATA[Semicolon (;) separated values.<br/>Put semicolon in the beginning for empty first option.<br/>Leave empty for open text field.]]></comment>
                            <show_in_default>1</show_in_default>
                            <show_in_website>1</show_in_website>
                            <show_in_store>0</show_in_store>
                        </suffix_options>
                        <dob_show translate="label">
                            <label>Show Date of Birth</label>
                            <frontend_type>select</frontend_type>
                            <source_model>adminhtml/system_config_source_nooptreq</source_model>
                            <sort_order>70</sort_order>
                            <backend_model>adminhtml/system_config_backend_customer_show_customer</backend_model>
                            <show_in_default>1</show_in_default>
                            <show_in_website>1</show_in_website>
                            <show_in_store>0</show_in_store>
                        </dob_show>
                        <taxvat_show translate="label">
                            <label>Show Tax/VAT Number</label>
                            <frontend_type>select</frontend_type>
                            <source_model>adminhtml/system_config_source_nooptreq</source_model>
                            <backend_model>adminhtml/system_config_backend_customer_show_customer</backend_model>
                            <sort_order>80</sort_order>
                            <show_in_default>1</show_in_default>
                            <show_in_website>1</show_in_website>
                            <show_in_store>0</show_in_store>
                        </taxvat_show>
                        <gender_show translate="label">
                            <label>Show Gender</label>
                            <frontend_type>select</frontend_type>
                            <source_model>adminhtml/system_config_source_nooptreq</source_model>
                            <backend_model>adminhtml/system_config_backend_customer_show_customer</backend_model>
                            <sort_order>90</sort_order>
                            <show_in_default>1</show_in_default>
                            <show_in_website>1</show_in_website>
                            <show_in_store>0</show_in_store>
                        </gender_show>
                    </fields>
                </address>
                <startup translate="label">
                    <label>Login Options</label>
                    <sort_order>90</sort_order>
                    <show_in_default>1</show_in_default>
                    <show_in_website>1</show_in_website>
                    <show_in_store>1</show_in_store>
                    <fields>
                        <redirect_dashboard translate="label comment">
                            <label>Redirect Customer to Account Dashboard after Logging in</label>
                            <frontend_type>select</frontend_type>
                            <source_model>adminhtml/system_config_source_yesno</source_model>
                            <comment>Customer will stay on the current page if "No" is selected.</comment>
                            <sort_order>1</sort_order>
                            <show_in_default>1</show_in_default>
                            <show_in_website>1</show_in_website>
                            <show_in_store>0</show_in_store>
                        </redirect_dashboard>
                    </fields>
                </startup>
                <address_templates translate="label">
                    <label>Address Templates</label>
                    <frontend_type>text</frontend_type>
                    <sort_order>100</sort_order>
                    <show_in_default>1</show_in_default>
                    <show_in_website>1</show_in_website>
                    <show_in_store>1</show_in_store>
                    <fields>
                        <text>
                            <label>Text</label>
                            <frontend_type>textarea</frontend_type>
                            <sort_order>1</sort_order>
                            <show_in_default>1</show_in_default>
                            <show_in_website>1</show_in_website>
                            <show_in_store>1</show_in_store>
                        </text>
                        <oneline>
                            <label>Text One Line</label>
                            <frontend_type>textarea</frontend_type>
                            <sort_order>2</sort_order>
                            <show_in_default>1</show_in_default>
                            <show_in_website>1</show_in_website>
                            <show_in_store>1</show_in_store>
                        </oneline>
                        <html>
                            <label>HTML</label>
                            <frontend_type>textarea</frontend_type>
                            <sort_order>3</sort_order>
                            <show_in_default>1</show_in_default>
                            <show_in_website>1</show_in_website>
                            <show_in_store>1</show_in_store>
                        </html>
                        <pdf>
                            <label>PDF</label>
                            <frontend_type>textarea</frontend_type>
                            <sort_order>4</sort_order>
                            <show_in_default>1</show_in_default>
                            <show_in_website>1</show_in_website>
                            <show_in_store>1</show_in_store>
                        </pdf>
                        <js_template>
                            <label>JavaScript Template</label>
                            <frontend_type>textarea</frontend_type>
                            <sort_order>5</sort_order>
                            <show_in_default>1</show_in_default>
                            <show_in_website>1</show_in_website>
                            <show_in_store>1</show_in_store>
                        </js_template>
                    </fields>
                </address_templates>
            </groups>
        </customer>
        <general>
            <groups>
                <store_information>
                    <fields>
                        <validate_vat_number translate="button_label">
                            <label></label>
                            <button_label>Validate VAT Number</button_label>
                            <frontend_model>adminhtml/customer_system_config_validatevat</frontend_model>
                            <sort_order>28</sort_order>
                            <show_in_default>1</show_in_default>
                            <show_in_website>1</show_in_website>
                            <show_in_store>0</show_in_store>
                        </validate_vat_number>
                    </fields>
                </store_information>
            </groups>
        </general>
    </sections>
</config>
